{
  "dbsCargoOpened": {
    "enabled": true,
    "prefabs": {
      "Starship_cargo_opened.c390fcfc-3bf4-470a-93bf-39dafb8b2267": 2,
      "Starship_cargo_damaged_opened_01.8c3d54c0-4330-4949-91ad-f046cfd67c7c": 2,
      "Starship_cargo_damaged_opened_02.ebc835bd-221a-4722-b1d0-becf08bd2f2c": 2,
      "Starship_cargo_opened_large.af413920-4fe6-4447-9f62-4f04e605d6be": 10,
      "Starship_cargo_damaged_opened_large_01.a2104a9e-fe84-4c51-8874-69350507ef98": 10,
      "Starship_cargo_damaged_opened_large_02.fb2886c4-7e03-4a47-a122-dc7242e7de5b": 10
    }
  },
  "dbsMiscMovable": {
    "enabled": true,
    "prefabs": {
      "Starship_exploded_debris_01.5cd34124-935f-4628-b694-a266bc2f5517": 11,
      "Starship_exploded_debris_06.df36cdfb-abee-41f1-bdc6-fec6566d3557": 10,
      "Starship_exploded_debris_19.d88147fb-007c-481f-aa75-ebcbab24e4a8": 10,
      "Starship_exploded_debris_20.0c65ee6e-a84a-4989-a846-19eb53c13071": 3,
      "Starship_exploded_debris_22.72437ebc-7d61-49b8-bac4-cb7f3af3af8e": 12,
      "docking_menu_01.67dd6f15-9ac5-4f87-b71a-ebd16f04f02b": 2,
      "Starship_doors_door.ef1370e3-832f-4008-ac39-99ad24f43f76": 10,
      "room_06_wreck.4e8f6009-fc9c-4774-9ddc-27a6b0081dde": 3
    }
  },
  "dbsCargoClosed": {
    "enabled": true,
    "prefabs": {
      "Starship_cargo.354ebf4e-def3-48a6-839d-bf0f478ca915": 2,
      "Starship_cargo_02.d21bca5e-6dd2-48d8-bbf0-2f1d5df7fa9c": 2,
      "Starship_cargo_large.8b43e753-29a6-4365-bc53-822376d1cfa2": 10,
      "Starship_cargo_large_02.cc14ee20-80c5-4573-ae1b-68bebc0feadf": 10,
      "Starship_cargo_damaged_01.65edb6a3-c1e6-4aaf-9747-108bd6a9dcc6": 2,
      "Starship_cargo_damaged_02.7646d66b-01c0-4110-b6bf-305df024c2b1": 2,
      "Starship_cargo_damaged_large_01.8ba3be30-d89f-474b-87ca-94d3bfff25a4": 10,
      "Starship_cargo_damaged_large_02.423ab63d-38e0-4dd8-ab8d-fcd6c9ff0759": 10
    }
  },
  "dbsLockers": {
    "enabled": true,
    "prefabs": {
      "submarine_locker_04_open.bca9b19c-616d-4948-8742-9bb6f4296dc3": 3,
      "submarine_locker_04_door.779d4bbe-6e34-4ca5-bee5-b32d65288f5f": 1,
      "submarine_locker_05.078b41f8-968e-4ca3-8a7e-4e3d7d98422c": 10
    }
  },
  "dbsFurniture": {
    "enabled": true,
    "prefabs": {
      "discovery_lab_cart_01.af165b07-a2a3-4d85-8ad7-0c801334c115": 2,
      "Starship_work_desk_01_empty.04a07ec0-e3f4-4285-a087-688215fdb142": 3,
      "Starship_work_desk_01.9460942c-2347-4b58-b9ff-0f7f693dc9ff": 3,
      "Starship_work_desk_screen_01.2de0fc33-0386-4b55-84d4-6ad6bffaf74f": 3,
      "Starship_work_chair_01.adcace2c-509e-429e-9d24-9760a2d58ff4": 2,
      "Starship_work_chair_02.cc0bc831-9cc1-4dac-8285-e0dc8ebb2dd9": 2,
      "Starship_work_chair_04.286b44fc-8d89-4c2f-8154-2400624ad259": 10,
      "biodome_lab_counter_01_cab1.42eae67f-f31a-45a0-95bf-27e189de65a0": 10,
      "descent_bar_table_01.90148ef8-fda4-4a95-b2bc-d570543a1ecf": 2,
      "descent_bar_seat_side_02.b79fb664-dd70-47ce-aa05-0a03a98cfb01": 2,
      "Bench_deco.2e9b9389-cfa3-45b1-aee8-ea66b90e841d": 10
    }
  },
  "dbsTech": {
    "enabled": false,
    "prefabs": {
      "tech_light_deco.8ce870ba-b559-45d7-9c10-a5477967db24": 2,
      "Starship_tech_box_01_02.0f779340-8064-4308-8baa-6be9324a1e05": 3,
      "Starship_tech_box_01_03.c5d27b10-b02e-4063-9819-584dbfb721fa": 1,
      "descent_trashcans_01.386f311e-0d93-44cf-a180-f388820cb35b": 1,
      "VendingMachine.40e2a610-19dc-4ae8-b0c1-816230ab1ce3": 2
    }
  },
  "dbsCustom": {
    "enabled": true,
    "prefabs": {}
  },
  "dbsCustomTemp": {
    "enabled": true,
    "prefabs": {}
  },
  "__cfgVer": 110
}